fecha,tipo_esclusa,transitos,peaje_base_usd,cad_variable_pct,cad_por_transito_usd,ingreso_por_transito_usd,ingreso_mensual_usd,prima_subasta_usd,ingreso_mensual_con_subasta_usd,fuente_transitos,fuente_precio
2014-10-01,Panamax,1158,90000,0.04047242153846154,13642.517938461539,103642.51793846153,120018035.77273846,0.0,120018035.77273846,estimado,estimado_ancla_publica
2014-11-01,Panamax,1147,90000,0.04047242153846154,13642.517938461539,103642.51793846153,118877968.07541537,0.0,118877968.07541537,estimado,estimado_ancla_publica
2014-12-01,Panamax,1147,90000,0.04047242153846154,13642.517938461539,103642.51793846153,118877968.07541537,0.0,118877968.07541537,estimado,estimado_ancla_publica
2015-01-01,Panamax,1182,90000,0.04047242153846154,13642.517938461539,103642.51793846153,122505456.20326154,0.0,122505456.20326154,estimado,estimado_ancla_publica
2015-02-01,Panamax,1170,90000,0.04047242153846154,13642.517938461539,103642.51793846153,121261745.98799999,0.0,121261745.98799999,estimado,estimado_ancla_publica
2015-03-01,Panamax,1193,90000,0.04047242153846154,13642.517938461539,103642.51793846153,123645523.90058461,0.0,123645523.90058461,estimado,estimado_ancla_publica
2015-04-01,Panamax,1181,90000,0.04069955661538458,13662.960095384613,103662.96009538461,122425955.87264922,0.0,122425955.87264922,estimado,estimado_ancla_publica
2015-05-01,Panamax,1158,90000,0.04069955661538458,13662.960095384613,103662.96009538461,120041707.79045537,0.0,120041707.79045537,estimado,estimado_ancla_publica
2015-06-01,Panamax,1135,90000,0.04069955661538458,13662.960095384613,103662.96009538461,117657459.70826153,0.0,117657459.70826153,estimado,estimado_ancla_publica
2015-07-01,Panamax,1135,90000,0.04069955661538458,13662.960095384613,103662.96009538461,117657459.70826153,0.0,117657459.70826153,estimado,estimado_ancla_publica
2015-08-01,Panamax,1147,90000,0.04069955661538458,13662.960095384613,103662.96009538461,118901415.22940615,0.0,118901415.22940615,estimado,estimado_ancla_publica
2015-09-01,Panamax,1147,90000,0.04069955661538458,13662.960095384613,103662.96009538461,118901415.22940615,0.0,118901415.22940615,estimado,estimado_ancla_publica
2015-10-01,Panamax,1092,90000,0.04069955661538458,13662.960095384613,103662.96009538461,113199952.42415999,0.0,113199952.42415999,estimado,estimado_ancla_publica
2015-11-01,Panamax,1081,90000,0.04069955661538458,13662.960095384613,103662.96009538461,112059659.86311077,0.0,112059659.86311077,estimado,estimado_ancla_publica
2015-12-01,Panamax,1081,90000,0.04069955661538458,13662.960095384613,103662.96009538461,112059659.86311077,0.0,112059659.86311077,estimado,estimado_ancla_publica
2016-01-01,Panamax,1113,90000,0.04069955661538458,13662.960095384613,103662.96009538461,115376874.58616307,0.0,115376874.58616307,estimado,estimado_ancla_publica
2016-02-01,Panamax,1102,90000,0.040926691692307705,13683.402252307693,103683.40225230769,114259109.28204307,0.0,114259109.28204307,estimado,estimado_ancla_publica
2016-03-01,Panamax,1124,90000,0.040926691692307705,13683.402252307693,103683.40225230769,116540144.13159384,0.0,116540144.13159384,estimado,estimado_ancla_publica
2016-04-01,Panamax,1113,90000,0.040926691692307705,13683.402252307693,103683.40225230769,115399626.70681846,0.0,115399626.70681846,estimado,estimado_ancla_publica
2016-05-01,Panamax,1092,90000,0.040926691692307705,13683.402252307693,103683.40225230769,113222275.25952,0.0,113222275.25952,estimado,estimado_ancla_publica
2016-06-01,Panamax,1070,90000,0.040926691692307705,13683.402252307693,103683.40225230769,110941240.40996923,0.0,110941240.40996923,estimado,estimado_ancla_publica
2016-07-01,Panamax,1016,90000,0.040926691692307705,13683.402252307693,103683.40225230769,105342336.68834461,0.0,105342336.68834461,estimado,estimado_ancla_publica
2016-08-01,Panamax,1027,90000,0.040926691692307705,13683.402252307693,103683.40225230769,106482854.11311999,0.0,106482854.11311999,estimado,estimado_ancla_publica
2016-09-01,Panamax,1027,90000,0.040926691692307705,13683.402252307693,103683.40225230769,106482854.11311999,0.0,106482854.11311999,estimado,estimado_ancla_publica
2016-10-01,Panamax,934,90000,0.040926691692307705,13683.402252307693,103683.40225230769,96840297.70365538,0.0,96840297.70365538,estimado,estimado_ancla_publica
2016-11-01,Panamax,925,90000,0.040926691692307705,13683.402252307693,103683.40225230769,95907147.0833846,0.0,95907147.0833846,estimado,estimado_ancla_publica
2016-12-01,Panamax,925,90000,0.04115382676923074,13703.844409230765,103703.84440923076,95926056.07853845,0.0,95926056.07853845,estimado,estimado_ancla_publica
2017-01-01,Panamax,953,90000,0.04115382676923074,13703.844409230765,103703.84440923076,98829763.72199692,0.0,98829763.72199692,estimado,estimado_ancla_publica
2017-02-01,Panamax,943,90000,0.04115382676923074,13703.844409230765,103703.84440923076,97792725.27790461,0.0,97792725.27790461,estimado,estimado_ancla_publica
2017-03-01,Panamax,962,90000,0.04115382676923074,13703.844409230765,103703.84440923076,99763098.32168,0.0,99763098.32168,estimado,estimado_ancla_publica
2017-04-01,Panamax,952,90000,0.04115382676923074,13703.844409230765,103703.84440923076,98726059.87758769,0.0,98726059.87758769,estimado,estimado_ancla_publica
2017-05-01,Panamax,934,90000,0.04115382676923074,13703.844409230765,103703.84440923076,96859390.67822154,0.0,96859390.67822154,estimado,estimado_ancla_publica
2017-06-01,Panamax,915,90000,0.04115382676923074,13703.844409230765,103703.84440923076,94889017.63444614,0.0,94889017.63444614,estimado,estimado_ancla_publica
2017-07-01,Panamax,915,90000,0.04115382676923074,13703.844409230765,103703.84440923076,94889017.63444614,0.0,94889017.63444614,estimado,estimado_ancla_publica
2017-08-01,Panamax,925,90000,0.04115382676923074,13703.844409230765,103703.84440923076,95926056.07853845,0.0,95926056.07853845,estimado,estimado_ancla_publica
2017-09-01,Panamax,925,90000,0.04115382676923074,13703.844409230765,103703.84440923076,95926056.07853845,0.0,95926056.07853845,estimado,estimado_ancla_publica
2017-10-01,Panamax,920,90000,0.04138096184615386,13724.286566153847,103724.28656615385,95426343.64086154,0.0,95426343.64086154,estimado,estimado_ancla_publica
2017-11-01,Panamax,911,90000,0.04138096184615386,13724.286566153847,103724.28656615385,94492825.06176616,0.0,94492825.06176616,estimado,estimado_ancla_publica
2017-12-01,Panamax,911,90000,0.04138096184615386,13724.286566153847,103724.28656615385,94492825.06176616,0.0,94492825.06176616,estimado,estimado_ancla_publica
2018-01-01,Panamax,938,90000,0.04138096184615386,13724.286566153847,103724.28656615385,97293380.79905231,0.0,97293380.79905231,estimado,estimado_ancla_publica
2018-02-01,Panamax,930,90000,0.04138096184615386,13724.286566153847,103724.28656615385,96463586.50652309,0.0,96463586.50652309,estimado,estimado_ancla_publica
2018-03-01,Panamax,947,90000,0.04138096184615386,13724.286566153847,103724.28656615385,98226899.37814769,0.0,98226899.37814769,estimado,estimado_ancla_publica
2018-04-01,Panamax,938,90000,0.04138096184615386,13724.286566153847,103724.28656615385,97293380.79905231,0.0,97293380.79905231,estimado,estimado_ancla_publica
2018-05-01,Panamax,920,90000,0.04138096184615386,13724.286566153847,103724.28656615385,95426343.64086154,0.0,95426343.64086154,estimado,estimado_ancla_publica
2018-06-01,Panamax,902,90000,0.04138096184615386,13724.286566153847,103724.28656615385,93559306.48267077,0.0,93559306.48267077,estimado,estimado_ancla_publica
2018-07-01,Panamax,902,90000,0.04138096184615386,13724.286566153847,103724.28656615385,93559306.48267077,0.0,93559306.48267077,estimado,estimado_ancla_publica
2018-08-01,Panamax,910,90000,0.041608096923077,13744.72872307693,103744.72872307693,94407703.13800001,0.0,94407703.13800001,estimado,estimado_ancla_publica
2018-09-01,Panamax,910,90000,0.041608096923077,13744.72872307693,103744.72872307693,94407703.13800001,0.0,94407703.13800001,estimado,estimado_ancla_publica
2018-10-01,Panamax,908,90000,0.041608096923077,13744.72872307693,103744.72872307693,94200213.68055385,0.0,94200213.68055385,estimado,estimado_ancla_publica
2018-11-01,Panamax,900,90000,0.041608096923077,13744.72872307693,103744.72872307693,93370255.85076924,0.0,93370255.85076924,estimado,estimado_ancla_publica
2018-12-01,Panamax,900,90000,0.041608096923077,13744.72872307693,103744.72872307693,93370255.85076924,0.0,93370255.85076924,estimado,estimado_ancla_publica
2019-01-01,Panamax,927,90000,0.041608096923077,13744.72872307693,103744.72872307693,96171363.52629231,0.0,96171363.52629231,estimado,estimado_ancla_publica
2019-02-01,Panamax,918,90000,0.041608096923077,13744.72872307693,103744.72872307693,95237660.96778461,0.0,95237660.96778461,estimado,estimado_ancla_publica
2019-03-01,Panamax,935,90000,0.041608096923077,13744.72872307693,103744.72872307693,97001321.35607693,0.0,97001321.35607693,estimado,estimado_ancla_publica
2019-04-01,Panamax,927,90000,0.041608096923077,13744.72872307693,103744.72872307693,96171363.52629231,0.0,96171363.52629231,estimado,estimado_ancla_publica
2019-05-01,Panamax,908,90000,0.041608096923077,13744.72872307693,103744.72872307693,94200213.68055385,0.0,94200213.68055385,estimado,estimado_ancla_publica
2019-06-01,Panamax,890,90000,0.041608096923077,13744.72872307693,103744.72872307693,92332808.56353846,0.0,92332808.56353846,estimado,estimado_ancla_publica
2019-07-01,Panamax,890,90000,0.04183523200000002,13765.170880000001,103765.17088,92351002.08320001,0.0,92351002.08320001,estimado,estimado_ancla_publica
2019-08-01,Panamax,899,90000,0.04183523200000002,13765.170880000001,103765.17088,93284888.62112,0.0,93284888.62112,estimado,estimado_ancla_publica
2019-09-01,Panamax,899,90000,0.04183523200000002,13765.170880000001,103765.17088,93284888.62112,0.0,93284888.62112,estimado,estimado_ancla_publica
2019-10-01,Panamax,871,90000,0.04183523200000002,13765.170880000001,103765.17088,90379463.83648,0.0,90379463.83648,estimado,estimado_ancla_publica
2019-11-01,Panamax,863,90000,0.04183523200000002,13765.170880000001,103765.17088,89549342.46944,0.0,89549342.46944,estimado,estimado_ancla_publica
2019-12-01,Panamax,863,90000,0.04183523200000002,13765.170880000001,103765.17088,89549342.46944,0.0,89549342.46944,estimado,estimado_ancla_publica
2020-01-01,Panamax,888,90000,0.04183523200000002,13765.170880000001,103765.17088,92143471.74144,0.0,92143471.74144,estimado,estimado_ancla_publica
2020-02-01,Panamax,880,90000,0.04183523200000002,13765.170880000001,103765.17088,91313350.3744,0.0,91313350.3744,estimado,estimado_ancla_publica
2020-03-01,Panamax,897,90000,0.04183523200000002,13765.170880000001,103765.17088,93077358.27936001,0.0,93077358.27936001,estimado,estimado_ancla_publica
2020-04-01,Panamax,888,90000,0.04183523200000002,13765.170880000001,103765.17088,92143471.74144,0.0,92143471.74144,estimado,estimado_ancla_publica
2020-05-01,Panamax,871,90000,0.04206236707692306,13785.613036923076,103785.61303692308,90397268.95516,0.0,90397268.95516,estimado,estimado_ancla_publica
2020-06-01,Panamax,853,90000,0.04206236707692306,13785.613036923076,103785.61303692308,88529127.92049539,0.0,88529127.92049539,estimado,estimado_ancla_publica
2020-07-01,Panamax,853,90000,0.04206236707692306,13785.613036923076,103785.61303692308,88529127.92049539,0.0,88529127.92049539,estimado,estimado_ancla_publica
2020-08-01,Panamax,862,90000,0.04206236707692306,13785.613036923076,103785.61303692308,89463198.43782769,0.0,89463198.43782769,estimado,estimado_ancla_publica
2020-09-01,Panamax,862,90000,0.04206236707692306,13785.613036923076,103785.61303692308,89463198.43782769,0.0,89463198.43782769,estimado,estimado_ancla_publica
2020-10-01,Panamax,853,90000,0.04206236707692306,13785.613036923076,103785.61303692308,88529127.92049539,0.0,88529127.92049539,estimado,estimado_ancla_publica
2020-11-01,Panamax,845,90000,0.04206236707692306,13785.613036923076,103785.61303692308,87698843.0162,0.0,87698843.0162,estimado,estimado_ancla_publica
2020-12-01,Panamax,845,90000,0.04206236707692306,13785.613036923076,103785.61303692308,87698843.0162,0.0,87698843.0162,estimado,estimado_ancla_publica
2021-01-01,Panamax,871,90000,0.04206236707692306,13785.613036923076,103785.61303692308,90397268.95516,0.0,90397268.95516,estimado,estimado_ancla_publica
2021-02-01,Panamax,862,90000,0.04206236707692306,13785.613036923076,103785.61303692308,89463198.43782769,0.0,89463198.43782769,estimado,estimado_ancla_publica
2021-03-01,Panamax,879,90000,0.04228950215384608,13806.055193846147,103806.05519384614,91245522.51539075,0.0,91245522.51539075,estimado,estimado_ancla_publica
2021-04-01,Panamax,871,90000,0.04228950215384608,13806.055193846147,103806.05519384614,90415074.07383999,0.0,90415074.07383999,estimado,estimado_ancla_publica
2021-05-01,Panamax,853,90000,0.04228950215384608,13806.055193846147,103806.05519384614,88546565.08035076,0.0,88546565.08035076,estimado,estimado_ancla_publica
2021-06-01,Panamax,836,90000,0.04228950215384608,13806.055193846147,103806.05519384614,86781862.14205538,0.0,86781862.14205538,estimado,estimado_ancla_publica
2021-07-01,Panamax,836,90000,0.04228950215384608,13806.055193846147,103806.05519384614,86781862.14205538,0.0,86781862.14205538,estimado,estimado_ancla_publica
2021-08-01,Panamax,845,90000,0.04228950215384608,13806.055193846147,103806.05519384614,87716116.6388,0.0,87716116.6388,estimado,estimado_ancla_publica
2021-09-01,Panamax,845,90000,0.04228950215384608,13806.055193846147,103806.05519384614,87716116.6388,0.0,87716116.6388,estimado,estimado_ancla_publica
2021-10-01,Panamax,899,90000,0.04228950215384608,13806.055193846147,103806.05519384614,93321643.61926769,0.0,93321643.61926769,estimado,estimado_ancla_publica
2021-11-01,Panamax,891,90000,0.04228950215384608,13806.055193846147,103806.05519384614,92491195.17771691,0.0,92491195.17771691,estimado,estimado_ancla_publica
2021-12-01,Panamax,890,90000,0.04228950215384608,13806.055193846147,103806.05519384614,92387389.12252307,0.0,92387389.12252307,estimado,estimado_ancla_publica
2022-01-01,Panamax,917,90000,0.04251663723076922,13826.49735076923,103826.49735076923,95208898.07065539,0.0,95208898.07065539,estimado,estimado_ancla_publica
2022-02-01,Panamax,908,90000,0.04251663723076922,13826.49735076923,103826.49735076923,94274459.59449847,0.0,94274459.59449847,estimado,estimado_ancla_publica
2022-03-01,Panamax,926,90000,0.04251663723076922,13826.49735076923,103826.49735076923,96143336.54681231,0.0,96143336.54681231,estimado,estimado_ancla_publica
2022-04-01,Panamax,917,90000,0.04251663723076922,13826.49735076923,103826.49735076923,95208898.07065539,0.0,95208898.07065539,estimado,estimado_ancla_publica
2022-05-01,Panamax,899,90000,0.04251663723076922,13826.49735076923,103826.49735076923,93340021.11834154,0.0,93340021.11834154,estimado,estimado_ancla_publica
2022-06-01,Panamax,882,90000,0.04251663723076922,13826.49735076923,103826.49735076923,91574970.66337846,0.0,91574970.66337846,estimado,estimado_ancla_publica
2022-07-01,Panamax,882,90000,0.04251663723076922,13826.49735076923,103826.49735076923,91574970.66337846,0.0,91574970.66337846,estimado,estimado_ancla_publica
2022-08-01,Panamax,891,90000,0.04251663723076922,13826.49735076923,103826.49735076923,92509409.13953538,0.0,92509409.13953538,estimado,estimado_ancla_publica
2022-09-01,Panamax,890,90000,0.04251663723076922,13826.49735076923,103826.49735076923,92405582.64218462,0.0,92405582.64218462,estimado,estimado_ancla_publica
2022-10-01,Panamax,906,90000,0.04251663723076922,13826.49735076923,103826.49735076923,94066806.59979692,0.0,94066806.59979692,estimado,estimado_ancla_publica
2022-11-01,Panamax,897,90000,0.042743772307692246,13846.939507692303,103846.9395076923,93150704.73839998,0.0,93150704.73839998,estimado,estimado_ancla_publica
2022-12-01,Panamax,896,90000,0.042743772307692246,13846.939507692303,103846.9395076923,93046857.79889229,0.0,93046857.79889229,estimado,estimado_ancla_publica
2023-01-01,Panamax,924,90000,0.042743772307692246,13846.939507692303,103846.9395076923,95954572.10510768,0.0,95954572.10510768,estimado,estimado_ancla_publica
2023-02-01,Panamax,915,90000,0.042743772307692246,13846.939507692303,103846.9395076923,95019949.64953846,0.0,95019949.64953846,estimado,estimado_ancla_publica
2023-03-01,Panamax,933,90000,0.042743772307692246,13846.939507692303,103846.9395076923,96889194.56067692,0.0,96889194.56067692,estimado,estimado_ancla_publica
2023-04-01,Panamax,924,90000,0.042743772307692246,13846.939507692303,103846.9395076923,95954572.10510768,0.0,95954572.10510768,estimado,estimado_ancla_publica
2023-05-01,Panamax,906,90000,0.05546333661538461,14991.700295384615,104991.70029538461,95122480.46761845,0.0,95122480.46761845,estimado,estimado_ancla_publica
2023-06-01,Panamax,887,90000,0.06863717107692305,16177.345396923074,106177.34539692308,94179305.36707076,0.0,94179305.36707076,estimado,estimado_ancla_publica
2023-07-01,Panamax,887,90000,0.08135673538461541,17322.106184615386,107322.10618461539,95194708.18575385,0.0,95194708.18575385,estimado,estimado_ancla_publica
2023-08-01,Panamax,820,90000,0.08817078769230771,17935.370892307692,107935.37089230769,88507004.1316923,0.0,88507004.1316923,estimado,estimado_ancla_publica
2023-09-01,Panamax,784,90000,0.09498484,18548.6356,108548.63560000001,85102130.31040001,0.0,85102130.31040001,estimado,estimado_ancla_publica
2023-10-01,Panamax,755,90000,0.09543911015384615,18589.519913846154,108589.51991384616,81985087.53495385,20639579.29579543,102624666.83074927,estimado,estimado_ancla_publica
2023-11-01,Panamax,613,90000,0.09612051538461534,18650.846384615383,108650.84638461538,66602968.833769225,45216488.85957256,111819457.69334179,estimado,estimado_ancla_publica
2023-12-01,Panamax,578,90000,0.09657478553846151,18691.730698461535,108691.73069846153,62823820.343710765,51405475.09632609,114229295.44003686,estimado,estimado_ancla_publica
2024-01-01,Panamax,597,90000,0.0972561907692308,18753.05716923077,108753.05716923077,64925575.13003077,52896712.65205087,117822287.78208163,estimado,estimado_ancla_publica
2024-02-01,Panamax,591,90000,0.09793759599999999,18814.38364,108814.38364,64309300.73124,52429260.23506408,116738560.96630408,estimado,estimado_ancla_publica
2024-03-01,Panamax,636,90000,0.09861900123076928,18875.710110769236,108875.71011076923,69244951.63044924,47157258.887392364,116402210.5178416,estimado,estimado_ancla_publica
2024-04-01,Panamax,724,90000,0.09930040646153847,18937.036581538465,108937.03658153847,78870414.48503385,29542054.363070074,108412468.84810393,estimado,estimado_ancla_publica
2024-05-01,Panamax,768,90000,0.09407629969230769,18466.86697230769,108466.86697230769,83302553.83473231,18267381.28692261,101569935.12165493,estimado,estimado_ancla_publica
2024-06-01,Panamax,764,90000,0.08385522123076924,17546.969910769232,107546.96991076923,82165885.01182769,15763401.676568802,97929286.6883965,estimado,estimado_ancla_publica
2024-07-01,Panamax,812,90000,0.07317987261538454,16586.18853538461,106586.1885353846,86547985.09073229,6968094.400182716,93516079.490915,estimado,estimado_ancla_publica
2024-08-01,Panamax,841,90000,0.06159598369230772,15543.638532307694,105543.6385323077,88762200.00567077,1829535.6140388427,90591735.61970961,estimado,estimado_ancla_publica
2024-09-01,Panamax,866,90000,0.05137490523076928,14623.741470769235,104623.74147076924,90604160.11368616,0.0,90604160.11368616,estimado,estimado_ancla_publica
2024-10-01,Panamax,839,90000,0.042743772307692246,13846.939507692303,103846.9395076923,87127582.24695383,0.0,87127582.24695383,estimado,estimado_ancla_publica
2024-11-01,Panamax,830,90000,0.04251663723076922,13826.49735076923,103826.49735076923,86175992.80113846,0.0,86175992.80113846,estimado,estimado_ancla_publica
2024-12-01,Panamax,830,90000,0.04228950215384608,13806.055193846147,103806.05519384614,86159025.8108923,0.0,86159025.8108923,estimado,estimado_ancla_publica
2025-01-01,Panamax,855,90000,0.04206236707692306,13785.613036923076,103785.61303692308,88736699.14656924,0.0,88736699.14656924,estimado,estimado_ancla_publica
2025-02-01,Panamax,847,90000,0.04206236707692306,13785.613036923076,103785.61303692308,87906414.24227385,0.0,87906414.24227385,estimado,estimado_ancla_publica
2025-03-01,Panamax,863,90000,0.04183523200000002,13765.170880000001,103765.17088,89549342.46944,0.0,89549342.46944,estimado,estimado_ancla_publica
2025-04-01,Panamax,855,90000,0.041608096923077,13744.72872307693,103744.72872307693,88701743.05823077,0.0,88701743.05823077,estimado,estimado_ancla_publica
2025-05-01,Panamax,839,90000,0.04138096184615386,13724.286566153847,103724.28656615385,87024676.42900309,0.0,87024676.42900309,estimado,estimado_ancla_publica
2025-06-01,Panamax,822,90000,0.04115382676923074,13703.844409230765,103703.84440923076,85244560.10438769,0.0,85244560.10438769,estimado,estimado_ancla_publica
2025-07-01,Panamax,822,90000,0.040926691692307705,13683.402252307693,103683.40225230769,85227756.65139692,0.0,85227756.65139692,estimado,estimado_ancla_publica
2025-08-01,Panamax,830,90000,0.040926691692307705,13683.402252307693,103683.40225230769,86057223.86941537,0.0,86057223.86941537,estimado,estimado_ancla_publica
2025-09-01,Panamax,830,90000,0.04069955661538458,13662.960095384613,103662.96009538461,86040256.87916923,0.0,86040256.87916923,estimado,estimado_ancla_publica
2014-10-01,Neopanamax,0,350000,0.04047242153846154,24165.347538461538,374165.34753846156,0.0,0.0,0.0,estimado,estimado_ancla_publica
2014-11-01,Neopanamax,0,350000,0.04047242153846154,24165.347538461538,374165.34753846156,0.0,0.0,0.0,estimado,estimado_ancla_publica
2014-12-01,Neopanamax,0,350000,0.04047242153846154,24165.347538461538,374165.34753846156,0.0,0.0,0.0,estimado,estimado_ancla_publica
2015-01-01,Neopanamax,0,350000,0.04047242153846154,24165.347538461538,374165.34753846156,0.0,0.0,0.0,estimado,estimado_ancla_publica
2015-02-01,Neopanamax,0,350000,0.04047242153846154,24165.347538461538,374165.34753846156,0.0,0.0,0.0,estimado,estimado_ancla_publica
2015-03-01,Neopanamax,0,350000,0.04047242153846154,24165.347538461538,374165.34753846156,0.0,0.0,0.0,estimado,estimado_ancla_publica
2015-04-01,Neopanamax,0,350000,0.04069955661538458,24244.844815384604,374244.8448153846,0.0,0.0,0.0,estimado,estimado_ancla_publica
2015-05-01,Neopanamax,0,350000,0.04069955661538458,24244.844815384604,374244.8448153846,0.0,0.0,0.0,estimado,estimado_ancla_publica
2015-06-01,Neopanamax,0,350000,0.04069955661538458,24244.844815384604,374244.8448153846,0.0,0.0,0.0,estimado,estimado_ancla_publica
2015-07-01,Neopanamax,0,350000,0.04069955661538458,24244.844815384604,374244.8448153846,0.0,0.0,0.0,estimado,estimado_ancla_publica
2015-08-01,Neopanamax,0,350000,0.04069955661538458,24244.844815384604,374244.8448153846,0.0,0.0,0.0,estimado,estimado_ancla_publica
2015-09-01,Neopanamax,0,350000,0.04069955661538458,24244.844815384604,374244.8448153846,0.0,0.0,0.0,estimado,estimado_ancla_publica
2015-10-01,Neopanamax,0,350000,0.04069955661538458,24244.844815384604,374244.8448153846,0.0,0.0,0.0,estimado,estimado_ancla_publica
2015-11-01,Neopanamax,0,350000,0.04069955661538458,24244.844815384604,374244.8448153846,0.0,0.0,0.0,estimado,estimado_ancla_publica
2015-12-01,Neopanamax,0,350000,0.04069955661538458,24244.844815384604,374244.8448153846,0.0,0.0,0.0,estimado,estimado_ancla_publica
2016-01-01,Neopanamax,0,350000,0.04069955661538458,24244.844815384604,374244.8448153846,0.0,0.0,0.0,estimado,estimado_ancla_publica
2016-02-01,Neopanamax,0,350000,0.040926691692307705,24324.3420923077,374324.3420923077,0.0,0.0,0.0,estimado,estimado_ancla_publica
2016-03-01,Neopanamax,0,350000,0.040926691692307705,24324.3420923077,374324.3420923077,0.0,0.0,0.0,estimado,estimado_ancla_publica
2016-04-01,Neopanamax,0,350000,0.040926691692307705,24324.3420923077,374324.3420923077,0.0,0.0,0.0,estimado,estimado_ancla_publica
2016-05-01,Neopanamax,0,350000,0.040926691692307705,24324.3420923077,374324.3420923077,0.0,0.0,0.0,estimado,estimado_ancla_publica
2016-06-01,Neopanamax,0,350000,0.040926691692307705,24324.3420923077,374324.3420923077,0.0,0.0,0.0,estimado,estimado_ancla_publica
2016-07-01,Neopanamax,54,350000,0.040926691692307705,24324.3420923077,374324.3420923077,20213514.472984616,0.0,20213514.472984616,estimado,estimado_ancla_publica
2016-08-01,Neopanamax,54,350000,0.040926691692307705,24324.3420923077,374324.3420923077,20213514.472984616,0.0,20213514.472984616,estimado,estimado_ancla_publica
2016-09-01,Neopanamax,54,350000,0.040926691692307705,24324.3420923077,374324.3420923077,20213514.472984616,0.0,20213514.472984616,estimado,estimado_ancla_publica
2016-10-01,Neopanamax,191,350000,0.040926691692307705,24324.3420923077,374324.3420923077,71495949.33963077,0.0,71495949.33963077,estimado,estimado_ancla_publica
2016-11-01,Neopanamax,189,350000,0.040926691692307705,24324.3420923077,374324.3420923077,70747300.65544616,0.0,70747300.65544616,estimado,estimado_ancla_publica
2016-12-01,Neopanamax,189,350000,0.04115382676923074,24403.839369230758,374403.8393692308,70762325.64078462,0.0,70762325.64078462,estimado,estimado_ancla_publica
2017-01-01,Neopanamax,195,350000,0.04115382676923074,24403.839369230758,374403.8393692308,73008748.677,0.0,73008748.677,estimado,estimado_ancla_publica
2017-02-01,Neopanamax,193,350000,0.04115382676923074,24403.839369230758,374403.8393692308,72259940.99826154,0.0,72259940.99826154,estimado,estimado_ancla_publica
2017-03-01,Neopanamax,197,350000,0.04115382676923074,24403.839369230758,374403.8393692308,73757556.35573846,0.0,73757556.35573846,estimado,estimado_ancla_publica
2017-04-01,Neopanamax,195,350000,0.04115382676923074,24403.839369230758,374403.8393692308,73008748.677,0.0,73008748.677,estimado,estimado_ancla_publica
2017-05-01,Neopanamax,191,350000,0.04115382676923074,24403.839369230758,374403.8393692308,71511133.31952308,0.0,71511133.31952308,estimado,estimado_ancla_publica
2017-06-01,Neopanamax,187,350000,0.04115382676923074,24403.839369230758,374403.8393692308,70013517.96204616,0.0,70013517.96204616,estimado,estimado_ancla_publica
2017-07-01,Neopanamax,187,350000,0.04115382676923074,24403.839369230758,374403.8393692308,70013517.96204616,0.0,70013517.96204616,estimado,estimado_ancla_publica
2017-08-01,Neopanamax,189,350000,0.04115382676923074,24403.839369230758,374403.8393692308,70762325.64078462,0.0,70762325.64078462,estimado,estimado_ancla_publica
2017-09-01,Neopanamax,189,350000,0.04115382676923074,24403.839369230758,374403.8393692308,70762325.64078462,0.0,70762325.64078462,estimado,estimado_ancla_publica
2017-10-01,Neopanamax,230,350000,0.04138096184615386,24483.336646153854,374483.3366461538,86131167.42861538,0.0,86131167.42861538,estimado,estimado_ancla_publica
2017-11-01,Neopanamax,228,350000,0.04138096184615386,24483.336646153854,374483.3366461538,85382200.75532307,0.0,85382200.75532307,estimado,estimado_ancla_publica
2017-12-01,Neopanamax,228,350000,0.04138096184615386,24483.336646153854,374483.3366461538,85382200.75532307,0.0,85382200.75532307,estimado,estimado_ancla_publica
2018-01-01,Neopanamax,235,350000,0.04138096184615386,24483.336646153854,374483.3366461538,88003584.11184615,0.0,88003584.11184615,estimado,estimado_ancla_publica
2018-02-01,Neopanamax,232,350000,0.04138096184615386,24483.336646153854,374483.3366461538,86880134.10190769,0.0,86880134.10190769,estimado,estimado_ancla_publica
2018-03-01,Neopanamax,237,350000,0.04138096184615386,24483.336646153854,374483.3366461538,88752550.78513846,0.0,88752550.78513846,estimado,estimado_ancla_publica
2018-04-01,Neopanamax,235,350000,0.04138096184615386,24483.336646153854,374483.3366461538,88003584.11184615,0.0,88003584.11184615,estimado,estimado_ancla_publica
2018-05-01,Neopanamax,230,350000,0.04138096184615386,24483.336646153854,374483.3366461538,86131167.42861538,0.0,86131167.42861538,estimado,estimado_ancla_publica
2018-06-01,Neopanamax,225,350000,0.04138096184615386,24483.336646153854,374483.3366461538,84258750.7453846,0.0,84258750.7453846,estimado,estimado_ancla_publica
2018-07-01,Neopanamax,225,350000,0.04138096184615386,24483.336646153854,374483.3366461538,84258750.7453846,0.0,84258750.7453846,estimado,estimado_ancla_publica
2018-08-01,Neopanamax,228,350000,0.041608096923077,24562.83392307695,374562.833923077,85400326.13446155,0.0,85400326.13446155,estimado,estimado_ancla_publica
2018-09-01,Neopanamax,228,350000,0.041608096923077,24562.83392307695,374562.833923077,85400326.13446155,0.0,85400326.13446155,estimado,estimado_ancla_publica
2018-10-01,Neopanamax,242,350000,0.041608096923077,24562.83392307695,374562.833923077,90644205.80938463,0.0,90644205.80938463,estimado,estimado_ancla_publica
2018-11-01,Neopanamax,239,350000,0.041608096923077,24562.83392307695,374562.833923077,89520517.3076154,0.0,89520517.3076154,estimado,estimado_ancla_publica
2018-12-01,Neopanamax,239,350000,0.041608096923077,24562.83392307695,374562.833923077,89520517.3076154,0.0,89520517.3076154,estimado,estimado_ancla_publica
2019-01-01,Neopanamax,246,350000,0.041608096923077,24562.83392307695,374562.833923077,92142457.14507693,0.0,92142457.14507693,estimado,estimado_ancla_publica
2019-02-01,Neopanamax,244,350000,0.041608096923077,24562.83392307695,374562.833923077,91393331.47723079,0.0,91393331.47723079,estimado,estimado_ancla_publica
2019-03-01,Neopanamax,249,350000,0.041608096923077,24562.83392307695,374562.833923077,93266145.64684616,0.0,93266145.64684616,estimado,estimado_ancla_publica
2019-04-01,Neopanamax,246,350000,0.041608096923077,24562.83392307695,374562.833923077,92142457.14507693,0.0,92142457.14507693,estimado,estimado_ancla_publica
2019-05-01,Neopanamax,242,350000,0.041608096923077,24562.83392307695,374562.833923077,90644205.80938463,0.0,90644205.80938463,estimado,estimado_ancla_publica
2019-06-01,Neopanamax,237,350000,0.041608096923077,24562.83392307695,374562.833923077,88771391.63976924,0.0,88771391.63976924,estimado,estimado_ancla_publica
2019-07-01,Neopanamax,237,350000,0.04183523200000002,24642.331200000008,374642.3312,88790232.49440001,0.0,88790232.49440001,estimado,estimado_ancla_publica
2019-08-01,Neopanamax,239,350000,0.04183523200000002,24642.331200000008,374642.3312,89539517.1568,0.0,89539517.1568,estimado,estimado_ancla_publica
2019-09-01,Neopanamax,239,350000,0.04183523200000002,24642.331200000008,374642.3312,89539517.1568,0.0,89539517.1568,estimado,estimado_ancla_publica
2019-10-01,Neopanamax,246,350000,0.04183523200000002,24642.331200000008,374642.3312,92162013.4752,0.0,92162013.4752,estimado,estimado_ancla_publica
2019-11-01,Neopanamax,243,350000,0.04183523200000002,24642.331200000008,374642.3312,91038086.4816,0.0,91038086.4816,estimado,estimado_ancla_publica
2019-12-01,Neopanamax,243,350000,0.04183523200000002,24642.331200000008,374642.3312,91038086.4816,0.0,91038086.4816,estimado,estimado_ancla_publica
2020-01-01,Neopanamax,251,350000,0.04183523200000002,24642.331200000008,374642.3312,94035225.1312,0.0,94035225.1312,estimado,estimado_ancla_publica
2020-02-01,Neopanamax,248,350000,0.04183523200000002,24642.331200000008,374642.3312,92911298.1376,0.0,92911298.1376,estimado,estimado_ancla_publica
2020-03-01,Neopanamax,253,350000,0.04183523200000002,24642.331200000008,374642.3312,94784509.79360001,0.0,94784509.79360001,estimado,estimado_ancla_publica
2020-04-01,Neopanamax,251,350000,0.04183523200000002,24642.331200000008,374642.3312,94035225.1312,0.0,94035225.1312,estimado,estimado_ancla_publica
2020-05-01,Neopanamax,246,350000,0.04206236707692306,24721.828476923074,374721.82847692305,92181569.80532306,0.0,92181569.80532306,estimado,estimado_ancla_publica
2020-06-01,Neopanamax,241,350000,0.04206236707692306,24721.828476923074,374721.82847692305,90307960.66293846,0.0,90307960.66293846,estimado,estimado_ancla_publica
2020-07-01,Neopanamax,241,350000,0.04206236707692306,24721.828476923074,374721.82847692305,90307960.66293846,0.0,90307960.66293846,estimado,estimado_ancla_publica
2020-08-01,Neopanamax,243,350000,0.04206236707692306,24721.828476923074,374721.82847692305,91057404.3198923,0.0,91057404.3198923,estimado,estimado_ancla_publica
2020-09-01,Neopanamax,243,350000,0.04206236707692306,24721.828476923074,374721.82847692305,91057404.3198923,0.0,91057404.3198923,estimado,estimado_ancla_publica
2020-10-01,Neopanamax,255,350000,0.04206236707692306,24721.828476923074,374721.82847692305,95554066.26161538,0.0,95554066.26161538,estimado,estimado_ancla_publica
2020-11-01,Neopanamax,252,350000,0.04206236707692306,24721.828476923074,374721.82847692305,94429900.7761846,0.0,94429900.7761846,estimado,estimado_ancla_publica
2020-12-01,Neopanamax,252,350000,0.04206236707692306,24721.828476923074,374721.82847692305,94429900.7761846,0.0,94429900.7761846,estimado,estimado_ancla_publica
2021-01-01,Neopanamax,260,350000,0.04206236707692306,24721.828476923074,374721.82847692305,97427675.404,0.0,97427675.404,estimado,estimado_ancla_publica
2021-02-01,Neopanamax,258,350000,0.04206236707692306,24721.828476923074,374721.82847692305,96678231.74704614,0.0,96678231.74704614,estimado,estimado_ancla_publica
2021-03-01,Neopanamax,263,350000,0.04228950215384608,24801.32575384613,374801.32575384615,98572748.67326154,0.0,98572748.67326154,estimado,estimado_ancla_publica
2021-04-01,Neopanamax,260,350000,0.04228950215384608,24801.32575384613,374801.32575384615,97448344.696,0.0,97448344.696,estimado,estimado_ancla_publica
2021-05-01,Neopanamax,255,350000,0.04228950215384608,24801.32575384613,374801.32575384615,95574338.06723076,0.0,95574338.06723076,estimado,estimado_ancla_publica
2021-06-01,Neopanamax,250,350000,0.04228950215384608,24801.32575384613,374801.32575384615,93700331.43846154,0.0,93700331.43846154,estimado,estimado_ancla_publica
2021-07-01,Neopanamax,250,350000,0.04228950215384608,24801.32575384613,374801.32575384615,93700331.43846154,0.0,93700331.43846154,estimado,estimado_ancla_publica
2021-08-01,Neopanamax,252,350000,0.04228950215384608,24801.32575384613,374801.32575384615,94449934.08996923,0.0,94449934.08996923,estimado,estimado_ancla_publica
2021-09-01,Neopanamax,252,350000,0.04228950215384608,24801.32575384613,374801.32575384615,94449934.08996923,0.0,94449934.08996923,estimado,estimado_ancla_publica
2021-10-01,Neopanamax,284,350000,0.04228950215384608,24801.32575384613,374801.32575384615,106443576.51409231,0.0,106443576.51409231,estimado,estimado_ancla_publica
2021-11-01,Neopanamax,281,350000,0.04228950215384608,24801.32575384613,374801.32575384615,105319172.53683077,0.0,105319172.53683077,estimado,estimado_ancla_publica
2021-12-01,Neopanamax,281,350000,0.04228950215384608,24801.32575384613,374801.32575384615,105319172.53683077,0.0,105319172.53683077,estimado,estimado_ancla_publica
2022-01-01,Neopanamax,290,350000,0.04251663723076922,24880.82303076923,374880.82303076924,108715438.67892309,0.0,108715438.67892309,estimado,estimado_ancla_publica
2022-02-01,Neopanamax,287,350000,0.04251663723076922,24880.82303076923,374880.82303076924,107590796.20983078,0.0,107590796.20983078,estimado,estimado_ancla_publica
2022-03-01,Neopanamax,293,350000,0.04251663723076922,24880.82303076923,374880.82303076924,109840081.1480154,0.0,109840081.1480154,estimado,estimado_ancla_publica
2022-04-01,Neopanamax,290,350000,0.04251663723076922,24880.82303076923,374880.82303076924,108715438.67892309,0.0,108715438.67892309,estimado,estimado_ancla_publica
2022-05-01,Neopanamax,284,350000,0.04251663723076922,24880.82303076923,374880.82303076924,106466153.74073847,0.0,106466153.74073847,estimado,estimado_ancla_publica
2022-06-01,Neopanamax,278,350000,0.04251663723076922,24880.82303076923,374880.82303076924,104216868.80255385,0.0,104216868.80255385,estimado,estimado_ancla_publica
2022-07-01,Neopanamax,278,350000,0.04251663723076922,24880.82303076923,374880.82303076924,104216868.80255385,0.0,104216868.80255385,estimado,estimado_ancla_publica
2022-08-01,Neopanamax,281,350000,0.04251663723076922,24880.82303076923,374880.82303076924,105341511.27164616,0.0,105341511.27164616,estimado,estimado_ancla_publica
2022-09-01,Neopanamax,281,350000,0.04251663723076922,24880.82303076923,374880.82303076924,105341511.27164616,0.0,105341511.27164616,estimado,estimado_ancla_publica
2022-10-01,Neopanamax,302,350000,0.04251663723076922,24880.82303076923,374880.82303076924,113214008.55529231,0.0,113214008.55529231,estimado,estimado_ancla_publica
2022-11-01,Neopanamax,299,350000,0.042743772307692246,24960.320307692287,374960.3203076923,112113135.77199998,0.0,112113135.77199998,estimado,estimado_ancla_publica
2022-12-01,Neopanamax,299,350000,0.042743772307692246,24960.320307692287,374960.3203076923,112113135.77199998,0.0,112113135.77199998,estimado,estimado_ancla_publica
2023-01-01,Neopanamax,308,350000,0.042743772307692246,24960.320307692287,374960.3203076923,115487778.65476923,0.0,115487778.65476923,estimado,estimado_ancla_publica
2023-02-01,Neopanamax,305,350000,0.042743772307692246,24960.320307692287,374960.3203076923,114362897.69384615,0.0,114362897.69384615,estimado,estimado_ancla_publica
2023-03-01,Neopanamax,311,350000,0.042743772307692246,24960.320307692287,374960.3203076923,116612659.6156923,0.0,116612659.6156923,estimado,estimado_ancla_publica
2023-04-01,Neopanamax,308,350000,0.042743772307692246,24960.320307692287,374960.3203076923,115487778.65476923,0.0,115487778.65476923,estimado,estimado_ancla_publica
2023-05-01,Neopanamax,302,350000,0.05546333661538461,29412.167815384615,379412.16781538463,114582474.68024616,0.0,114582474.68024616,estimado,estimado_ancla_publica
2023-06-01,Neopanamax,296,350000,0.06863717107692305,34023.00987692307,384023.00987692305,113670810.92356922,0.0,113670810.92356922,estimado,estimado_ancla_publica
2023-07-01,Neopanamax,296,350000,0.08135673538461541,38474.85738461539,388474.8573846154,114988557.78584616,0.0,114988557.78584616,estimado,estimado_ancla_publica
2023-08-01,Neopanamax,273,350000,0.08817078769230771,40859.775692307696,390859.7756923077,106704718.764,0.0,106704718.764,estimado,estimado_ancla_publica
2023-09-01,Neopanamax,261,350000,0.09498484,43244.694,393244.694,102636865.134,0.0,102636865.134,estimado,estimado_ancla_publica
2023-10-01,Neopanamax,238,350000,0.09543911015384615,43403.68855384615,393403.68855384615,93630077.87581538,6506251.486621606,100136329.36243698,estimado,estimado_ancla_publica
2023-11-01,Neopanamax,193,350000,0.09612051538461534,43642.18038461537,393642.1803846154,75972940.81423077,14236186.541431492,90209127.35566226,estimado,estimado_ancla_publica
2023-12-01,Neopanamax,183,350000,0.09657478553846151,43801.174938461525,393801.1749384615,72065615.01373845,16275435.88689909,88341050.90063754,estimado,estimado_ancla_publica
2024-01-01,Neopanamax,188,350000,0.0972561907692308,44039.66676923078,394039.6667692308,74079457.35261539,16657591.253912166,90737048.60652755,estimado,estimado_ancla_publica
2024-02-01,Neopanamax,186,350000,0.09793759599999999,44278.158599999995,394278.15859999997,73335737.4996,16500579.36331966,89836316.86291966,estimado,estimado_ancla_publica
2024-03-01,Neopanamax,201,350000,0.09861900123076928,44516.650430769245,394516.65043076925,79297846.73658462,14903473.327619286,94201320.0642039,estimado,estimado_ancla_publica
2024-04-01,Neopanamax,228,350000,0.09930040646153847,44755.142261538465,394755.1422615385,90004172.43563077,9303298.887817647,99307471.32344842,estimado,estimado_ancla_publica
2024-05-01,Neopanamax,242,350000,0.09407629969230769,42926.70489230769,392926.7048923077,95088262.58393846,5756127.95759801,100844390.54153648,estimado,estimado_ancla_publica
2024-06-01,Neopanamax,241,350000,0.08385522123076924,39349.32743076923,389349.3274307692,93833187.91081539,4972486.6545197405,98805674.56533512,estimado,estimado_ancla_publica
2024-07-01,Neopanamax,256,350000,0.07317987261538454,35612.95541538459,385612.9554153846,98716916.58633846,2196837.643407359,100913754.22974582,estimado,estimado_ancla_publica
2024-08-01,Neopanamax,265,350000,0.06159598369230772,31558.594292307702,381558.5942923077,101113027.48746154,576488.6298695522,101689516.11733109,estimado,estimado_ancla_publica
2024-09-01,Neopanamax,274,350000,0.05137490523076928,27981.21683076925,377981.21683076926,103566853.41163078,0.0,103566853.41163078,estimado,estimado_ancla_publica
2024-10-01,Neopanamax,278,350000,0.042743772307692246,24960.320307692287,374960.3203076923,104238969.04553846,0.0,104238969.04553846,estimado,estimado_ancla_publica
2024-11-01,Neopanamax,276,350000,0.04251663723076922,24880.82303076923,374880.82303076924,103467107.15649231,0.0,103467107.15649231,estimado,estimado_ancla_publica
2024-12-01,Neopanamax,276,350000,0.04228950215384608,24801.32575384613,374801.32575384615,103445165.90806153,0.0,103445165.90806153,estimado,estimado_ancla_publica
2025-01-01,Neopanamax,284,350000,0.04206236707692306,24721.828476923074,374721.82847692305,106420999.28744614,0.0,106420999.28744614,estimado,estimado_ancla_publica
2025-02-01,Neopanamax,281,350000,0.04206236707692306,24721.828476923074,374721.82847692305,105296833.80201538,0.0,105296833.80201538,estimado,estimado_ancla_publica
2025-03-01,Neopanamax,287,350000,0.04183523200000002,24642.331200000008,374642.3312,107522349.0544,0.0,107522349.0544,estimado,estimado_ancla_publica
2025-04-01,Neopanamax,284,350000,0.041608096923077,24562.83392307695,374562.833923077,106375844.83415386,0.0,106375844.83415386,estimado,estimado_ancla_publica
2025-05-01,Neopanamax,278,350000,0.04138096184615386,24483.336646153854,374483.3366461538,104106367.58763076,0.0,104106367.58763076,estimado,estimado_ancla_publica
2025-06-01,Neopanamax,273,350000,0.04115382676923074,24403.839369230758,374403.8393692308,102212248.1478,0.0,102212248.1478,estimado,estimado_ancla_publica
2025-07-01,Neopanamax,273,350000,0.040926691692307705,24324.3420923077,374324.3420923077,102190545.3912,0.0,102190545.3912,estimado,estimado_ancla_publica
2025-08-01,Neopanamax,276,350000,0.040926691692307705,24324.3420923077,374324.3420923077,103313518.41747692,0.0,103313518.41747692,estimado,estimado_ancla_publica
2025-09-01,Neopanamax,276,350000,0.04069955661538458,24244.844815384604,374244.8448153846,103291577.16904615,0.0,103291577.16904615,estimado,estimado_ancla_publica
